{
  "properties": {
    "connectionReferences": {
      "shared_commondataserviceforapps": {
        "runtimeSource": "embedded",
        "connection": {
          "connectionReferenceLogicalName": "fsdemo_sharedcommondataserviceforapps_36dea"
        },
        "api": {
          "name": "shared_commondataserviceforapps"
        }
      }
    },
    "definition": {
      "$schema": "https://schema.management.azure.com/providers/Microsoft.Logic/schemas/2016-06-01/workflowdefinition.json#",
      "contentVersion": "1.0.0.0",
      "parameters": {
        "$connections": {
          "defaultValue": {},
          "type": "Object"
        },
        "$authentication": {
          "defaultValue": {},
          "type": "SecureObject"
        }
      },
      "triggers": {
        "When_a_Call_with_OnBehalf_specified": {
          "metadata": {
            "operationMetadataId": "e0c7ba65-4c4e-4835-94c2-e9d1ebb042b0"
          },
          "type": "OpenApiConnectionWebhook",
          "inputs": {
            "host": {
              "connectionName": "shared_commondataserviceforapps",
              "operationId": "SubscribeWebhookTrigger",
              "apiId": "/providers/Microsoft.PowerApps/apis/shared_commondataserviceforapps"
            },
            "parameters": {
              "subscriptionRequest/message": 4,
              "subscriptionRequest/entityname": "fsdemo_samplecall",
              "subscriptionRequest/scope": 4,
              "subscriptionRequest/filterexpression": "_fsdemo_onbehalfof_value ne null",
              "subscriptionRequest/runas": 1
            },
            "authentication": "@parameters('$authentication')"
          }
        }
      },
      "actions": {
        "Perform_an_unbound_action": {
          "runAfter": {
            "var_Odatatype": [
              "Succeeded"
            ]
          },
          "metadata": {
            "operationMetadataId": "c379c1fb-035c-4231-9856-c25333ea90b9"
          },
          "type": "OpenApiConnection",
          "inputs": {
            "host": {
              "connectionName": "shared_commondataserviceforapps",
              "operationId": "PerformUnboundAction",
              "apiId": "/providers/Microsoft.PowerApps/apis/shared_commondataserviceforapps"
            },
            "parameters": {
              "actionName": "GrantAccess",
              "item/Target": "fsdemo_samplecalls(@{triggerOutputs()?['body/fsdemo_samplecallid']})",
              "item/PrincipalAccess": {
                "AccessMask": "ReadAccess, WriteAccess, AppendAccess, AppendToAccess, DeleteAccess",
                "Principal": {
                  "systemuserid": "@{triggerOutputs()?['body/_fsdemo_onbehalfof_value']}",
                  "@{variables('varOdataType')}": "Microsoft.Dynamics.CRM.systemuser"
                }
              }
            },
            "authentication": "@parameters('$authentication')"
          }
        },
        "var_Odatatype": {
          "runAfter": {},
          "metadata": {
            "operationMetadataId": "6bbf0a88-7a4e-4bda-b568-3652a2360501"
          },
          "type": "InitializeVariable",
          "inputs": {
            "variables": [
              {
                "name": "varOdataType",
                "type": "string",
                "value": "@@odata.type"
              }
            ]
          }
        }
      }
    },
    "templateName": ""
  },
  "schemaVersion": "1.0.0.0"
}