{
  "properties": {
    "connectionReferences": {
      "shared_commondataserviceforapps_1": {
        "runtimeSource": "embedded",
        "connection": {
          "connectionReferenceLogicalName": "fsdemo_SampleDataverse"
        },
        "api": {
          "name": "shared_commondataserviceforapps"
        }
      }
    },
    "definition": {
      "$schema": "https://schema.management.azure.com/providers/Microsoft.Logic/schemas/2016-06-01/workflowdefinition.json#",
      "contentVersion": "1.0.0.0",
      "parameters": {
        "$connections": {
          "defaultValue": {},
          "type": "Object"
        },
        "$authentication": {
          "defaultValue": {},
          "type": "SecureObject"
        }
      },
      "triggers": {
        "manual": {
          "metadata": {
            "operationMetadataId": "b9780d8e-de49-4b7b-b1ef-544d72c329d9"
          },
          "type": "Request",
          "kind": "PowerApp",
          "inputs": {
            "schema": {
              "type": "object",
              "properties": {
                "CallRecordId_Inputs": {
                  "type": "any",
                  "description": "Inputs",
                  "x-ms-powerflows-param-ispartial": false
                },
                "RevokeeId_Inputs": {
                  "type": "any",
                  "description": "Inputs",
                  "x-ms-powerflows-param-ispartial": false
                }
              },
              "required": [
                "CallRecordId_Inputs",
                "RevokeeId_Inputs"
              ]
            }
          }
        }
      },
      "actions": {
        "Perform_an_unbound_action": {
          "runAfter": {
            "Revokee_Id": [
              "Succeeded"
            ]
          },
          "metadata": {
            "operationMetadataId": "edfab17f-2866-4d67-b6bc-bf5363aebd11"
          },
          "type": "OpenApiConnection",
          "inputs": {
            "host": {
              "connectionName": "shared_commondataserviceforapps_1",
              "operationId": "PerformUnboundAction",
              "apiId": "/providers/Microsoft.PowerApps/apis/shared_commondataserviceforapps"
            },
            "parameters": {
              "actionName": "RevokeAccess",
              "item/Target": "fsdemo_samplecalls(@{outputs('Call_Record_Id')})",
              "item/Revokee": "systemusers(@{outputs('Revokee_Id')})"
            },
            "authentication": {
              "type": "Raw",
              "value": "@json(decodeBase64(triggerOutputs().headers['X-MS-APIM-Tokens']))['$ConnectionKey']"
            }
          }
        },
        "Call_Record_Id": {
          "runAfter": {},
          "metadata": {
            "operationMetadataId": "54ada1a0-01a1-47b8-a339-63a232fda433"
          },
          "type": "Compose",
          "inputs": "@triggerBody()['CallRecordId_Inputs']"
        },
        "Revokee_Id": {
          "runAfter": {
            "Call_Record_Id": [
              "Succeeded"
            ]
          },
          "metadata": {
            "operationMetadataId": "32f26326-9cd9-4d86-b2e1-0df70229820e"
          },
          "type": "Compose",
          "inputs": "@triggerBody()['RevokeeId_Inputs']"
        },
        "Unrelate_rows": {
          "runAfter": {
            "Get_a_row_by_ID": [
              "Succeeded"
            ]
          },
          "metadata": {
            "operationMetadataId": "5a5516ec-2c85-4782-86a6-7e6d898a51bc"
          },
          "type": "OpenApiConnection",
          "inputs": {
            "host": {
              "connectionName": "shared_commondataserviceforapps_1",
              "operationId": "DisassociateEntities",
              "apiId": "/providers/Microsoft.PowerApps/apis/shared_commondataserviceforapps"
            },
            "parameters": {
              "entityName": "systemusers",
              "recordId": "@outputs('Revokee_Id')",
              "associationEntityRelationship": "fsdemo_fsdemo_samplecall_OnBehalfOf_systemuser",
              "$id": "@outputs('Get_a_row_by_ID')?['body/@odata.id']"
            },
            "authentication": {
              "type": "Raw",
              "value": "@json(decodeBase64(triggerOutputs().headers['X-MS-APIM-Tokens']))['$ConnectionKey']"
            }
          }
        },
        "Get_a_row_by_ID": {
          "runAfter": {
            "Perform_an_unbound_action": [
              "Succeeded"
            ]
          },
          "metadata": {
            "operationMetadataId": "25f90ae2-9d57-4d19-99a6-f3fb24c7f824"
          },
          "type": "OpenApiConnection",
          "inputs": {
            "host": {
              "connectionName": "shared_commondataserviceforapps_1",
              "operationId": "GetItem",
              "apiId": "/providers/Microsoft.PowerApps/apis/shared_commondataserviceforapps"
            },
            "parameters": {
              "entityName": "fsdemo_samplecalls",
              "recordId": "@outputs('Call_Record_Id')",
              "$select": "fsdemo_samplecallid"
            },
            "authentication": {
              "type": "Raw",
              "value": "@json(decodeBase64(triggerOutputs().headers['X-MS-APIM-Tokens']))['$ConnectionKey']"
            }
          }
        }
      }
    },
    "templateName": ""
  },
  "schemaVersion": "1.0.0.0"
}